[{"pk": 22, "model": "auth.permission", "fields": {"codename": "add_logentry", "name": "Can add log entry", "content_type": 8}}, {"pk": 23, "model": "auth.permission", "fields": {"codename": "change_logentry", "name": "Can change log entry", "content_type": 8}}, {"pk": 24, "model": "auth.permission", "fields": {"codename": "delete_logentry", "name": "Can delete log entry", "content_type": 8}}, {"pk": 4, "model": "auth.permission", "fields": {"codename": "add_group", "name": "Can add group", "content_type": 2}}, {"pk": 5, "model": "auth.permission", "fields": {"codename": "change_group", "name": "Can change group", "content_type": 2}}, {"pk": 6, "model": "auth.permission", "fields": {"codename": "delete_group", "name": "Can delete group", "content_type": 2}}, {"pk": 10, "model": "auth.permission", "fields": {"codename": "add_message", "name": "Can add message", "content_type": 4}}, {"pk": 11, "model": "auth.permission", "fields": {"codename": "change_message", "name": "Can change message", "content_type": 4}}, {"pk": 12, "model": "auth.permission", "fields": {"codename": "delete_message", "name": "Can delete message", "content_type": 4}}, {"pk": 1, "model": "auth.permission", "fields": {"codename": "add_permission", "name": "Can add permission", "content_type": 1}}, {"pk": 2, "model": "auth.permission", "fields": {"codename": "change_permission", "name": "Can change permission", "content_type": 1}}, {"pk": 3, "model": "auth.permission", "fields": {"codename": "delete_permission", "name": "Can delete permission", "content_type": 1}}, {"pk": 7, "model": "auth.permission", "fields": {"codename": "add_user", "name": "Can add user", "content_type": 3}}, {"pk": 8, "model": "auth.permission", "fields": {"codename": "change_user", "name": "Can change user", "content_type": 3}}, {"pk": 9, "model": "auth.permission", "fields": {"codename": "delete_user", "name": "Can delete user", "content_type": 3}}, {"pk": 13, "model": "auth.permission", "fields": {"codename": "add_contenttype", "name": "Can add content type", "content_type": 5}}, {"pk": 14, "model": "auth.permission", "fields": {"codename": "change_contenttype", "name": "Can change content type", "content_type": 5}}, {"pk": 15, "model": "auth.permission", "fields": {"codename": "delete_contenttype", "name": "Can delete content type", "content_type": 5}}, {"pk": 43, "model": "auth.permission", "fields": {"codename": "add_hint", "name": "Can add hint", "content_type": 11}}, {"pk": 31, "model": "auth.permission", "fields": {"codename": "add_question", "name": "Can add question", "content_type": 11}}, {"pk": 44, "model": "auth.permission", "fields": {"codename": "change_hint", "name": "Can change hint", "content_type": 11}}, {"pk": 32, "model": "auth.permission", "fields": {"codename": "change_question", "name": "Can change question", "content_type": 11}}, {"pk": 45, "model": "auth.permission", "fields": {"codename": "delete_hint", "name": "Can delete hint", "content_type": 11}}, {"pk": 33, "model": "auth.permission", "fields": {"codename": "delete_question", "name": "Can delete question", "content_type": 11}}, {"pk": 46, "model": "auth.permission", "fields": {"codename": "add_question", "name": "Can add question", "content_type": 12}}, {"pk": 34, "model": "auth.permission", "fields": {"codename": "add_turn", "name": "Can add turn", "content_type": 12}}, {"pk": 47, "model": "auth.permission", "fields": {"codename": "change_question", "name": "Can change question", "content_type": 12}}, {"pk": 35, "model": "auth.permission", "fields": {"codename": "change_turn", "name": "Can change turn", "content_type": 12}}, {"pk": 48, "model": "auth.permission", "fields": {"codename": "delete_question", "name": "Can delete question", "content_type": 12}}, {"pk": 36, "model": "auth.permission", "fields": {"codename": "delete_turn", "name": "Can delete turn", "content_type": 12}}, {"pk": 40, "model": "auth.permission", "fields": {"codename": "add_hint", "name": "Can add hint", "content_type": 14}}, {"pk": 52, "model": "auth.permission", "fields": {"codename": "add_result", "name": "Can add result", "content_type": 14}}, {"pk": 41, "model": "auth.permission", "fields": {"codename": "change_hint", "name": "Can change hint", "content_type": 14}}, {"pk": 53, "model": "auth.permission", "fields": {"codename": "change_result", "name": "Can change result", "content_type": 14}}, {"pk": 42, "model": "auth.permission", "fields": {"codename": "delete_hint", "name": "Can delete hint", "content_type": 14}}, {"pk": 54, "model": "auth.permission", "fields": {"codename": "delete_result", "name": "Can delete result", "content_type": 14}}, {"pk": 28, "model": "auth.permission", "fields": {"codename": "add_room", "name": "Can add room", "content_type": 10}}, {"pk": 29, "model": "auth.permission", "fields": {"codename": "change_room", "name": "Can change room", "content_type": 10}}, {"pk": 30, "model": "auth.permission", "fields": {"codename": "delete_room", "name": "Can delete room", "content_type": 10}}, {"pk": 37, "model": "auth.permission", "fields": {"codename": "add_result", "name": "Can add result", "content_type": 13}}, {"pk": 49, "model": "auth.permission", "fields": {"codename": "add_turn", "name": "Can add turn", "content_type": 13}}, {"pk": 38, "model": "auth.permission", "fields": {"codename": "change_result", "name": "Can change result", "content_type": 13}}, {"pk": 50, "model": "auth.permission", "fields": {"codename": "change_turn", "name": "Can change turn", "content_type": 13}}, {"pk": 39, "model": "auth.permission", "fields": {"codename": "delete_result", "name": "Can delete result", "content_type": 13}}, {"pk": 51, "model": "auth.permission", "fields": {"codename": "delete_turn", "name": "Can delete turn", "content_type": 13}}, {"pk": 25, "model": "auth.permission", "fields": {"codename": "add_userprofile", "name": "Can add user profile", "content_type": 9}}, {"pk": 26, "model": "auth.permission", "fields": {"codename": "change_userprofile", "name": "Can change user profile", "content_type": 9}}, {"pk": 27, "model": "auth.permission", "fields": {"codename": "delete_userprofile", "name": "Can delete user profile", "content_type": 9}}, {"pk": 16, "model": "auth.permission", "fields": {"codename": "add_session", "name": "Can add session", "content_type": 6}}, {"pk": 17, "model": "auth.permission", "fields": {"codename": "change_session", "name": "Can change session", "content_type": 6}}, {"pk": 18, "model": "auth.permission", "fields": {"codename": "delete_session", "name": "Can delete session", "content_type": 6}}, {"pk": 19, "model": "auth.permission", "fields": {"codename": "add_site", "name": "Can add site", "content_type": 7}}, {"pk": 20, "model": "auth.permission", "fields": {"codename": "change_site", "name": "Can change site", "content_type": 7}}, {"pk": 21, "model": "auth.permission", "fields": {"codename": "delete_site", "name": "Can delete site", "content_type": 7}}, {"pk": 1, "model": "auth.group", "fields": {"name": "3B", "permissions": []}}, {"pk": 2, "model": "auth.group", "fields": {"name": "3A", "permissions": []}}, {"pk": 1, "model": "auth.user", "fields": {"username": "foo", "first_name": "Eric", "last_name": "Cartman", "is_active": true, "is_superuser": true, "is_staff": true, "last_login": "2010-11-10 10:35:38", "groups": [], "user_permissions": [], "password": "sha1$6343b$b50fc0ff054af235b47282fcc415e379248dbeae", "email": "test@test.tld", "date_joined": "2010-10-15 10:35:58"}}, {"pk": 3, "model": "auth.user", "fields": {"username": "bar", "first_name": "Kenny", "last_name": "McCormick", "is_active": true, "is_superuser": false, "is_staff": false, "last_login": "2010-11-01 09:15:57", "groups": [], "user_permissions": [], "password": "sha1$e9197$ed0cd75c71a5fb22be92768894939dae682be611", "email": "test@test.tld", "date_joined": "2010-11-01 09:15:57"}}, {"pk": 4, "model": "auth.user", "fields": {"username": "sdf", "first_name": "Stan", "last_name": "Marsh", "is_active": true, "is_superuser": false, "is_staff": false, "last_login": "2010-11-10 10:56:07", "groups": [2], "user_permissions": [], "password": "sha1$b84f2$e77c059d483cba6222688a74b8cf260906cd17bc", "email": "test@test.tld", "date_joined": "2010-11-10 10:56:07"}}, {"pk": 5, "model": "auth.user", "fields": {"username": "omg", "first_name": "Kyle", "last_name": "Broflovski", "is_active": true, "is_superuser": false, "is_staff": false, "last_login": "2010-11-10 10:57:52", "groups": [1], "user_permissions": [], "password": "sha1$d846f$5787e344c909dca7e4f7f2832d2245546d3b4938", "email": "test@test.tld", "date_joined": "2010-11-10 10:57:52"}}, {"pk": 6, "model": "auth.user", "fields": {"username": "lol", "first_name": "Butters", "last_name": "Stotch", "is_active": true, "is_superuser": false, "is_staff": false, "last_login": "2010-11-10 10:59:39", "groups": [1], "user_permissions": [], "password": "sha1$cbd14$3dda587669badb3f3a2109a17f5ae5bbe2958b6c", "email": "test@test.tld", "date_joined": "2010-11-10 10:59:39"}}, {"pk": "5a51edfd2da6fd1442ecfebe170564ac", "model": "sessions.session", "fields": {"expire_date": "2010-10-29 12:36:30", "session_data": "gAJ9cQEoVQdyb29tX2lkcQJYAQAAADFVEl9hdXRoX3VzZXJfYmFja2VuZHEDVSlkamFuZ28uY29u\ndHJpYi5hdXRoLmJhY2tlbmRzLk1vZGVsQmFja2VuZHEEVQ1fYXV0aF91c2VyX2lkcQVLAXUuYThl\nZjM4YTUyZGIzOTQ4ODE1NzM0MTU1NTc0OWYxZWM=\n"}}, {"pk": "82d8dd22044d3c538a2dfe6dd7a8581e", "model": "sessions.session", "fields": {"expire_date": "2010-10-29 13:56:34", "session_data": "gAJ9cQEoVRJfYXV0aF91c2VyX2JhY2tlbmRxAlUpZGphbmdvLmNvbnRyaWIuYXV0aC5iYWNrZW5k\ncy5Nb2RlbEJhY2tlbmRxA1UNX2F1dGhfdXNlcl9pZHEESwF1LmNhYTgxNjQ5YjIxNjUzMzMyOGQw\nODJlNGY0MDEyZDAy\n"}}, {"pk": "a9e85fb1644846c7cb311646c210fccb", "model": "sessions.session", "fields": {"expire_date": "2010-10-29 14:53:57", "session_data": "gAJ9cQEoVQdyb29tX2lkcQJYAQAAADFVDV9hdXRoX3VzZXJfaWRxA0sBVRJfYXV0aF91c2VyX2Jh\nY2tlbmRxBFUpZGphbmdvLmNvbnRyaWIuYXV0aC5iYWNrZW5kcy5Nb2RlbEJhY2tlbmRxBXUuOWFm\nYjQ4ZmZhZmZmOTM0MjgzYTVmMmE2YWFhZGMzNzY=\n"}}, {"pk": "9144be769c27a17b96e5d9afedea04a7", "model": "sessions.session", "fields": {"expire_date": "2010-11-15 12:05:21", "session_data": "gAJ9cQEoVQdyb29tX2lkcQJYAQAAADFVDV9hdXRoX3VzZXJfaWRxA0sBVRJfYXV0aF91c2VyX2Jh\nY2tlbmRxBFUpZGphbmdvLmNvbnRyaWIuYXV0aC5iYWNrZW5kcy5Nb2RlbEJhY2tlbmRxBXUuOWFm\nYjQ4ZmZhZmZmOTM0MjgzYTVmMmE2YWFhZGMzNzY=\n"}}, {"pk": "4e710015a910ac114305d3df1ff63869", "model": "sessions.session", "fields": {"expire_date": "2010-10-29 14:37:57", "session_data": "gAJ9cQEoVQdyb29tX2lkcQJYAQAAADFVDV9hdXRoX3VzZXJfaWRxA0sBVRJfYXV0aF91c2VyX2Jh\nY2tlbmRxBFUpZGphbmdvLmNvbnRyaWIuYXV0aC5iYWNrZW5kcy5Nb2RlbEJhY2tlbmRxBXUuOWFm\nYjQ4ZmZhZmZmOTM0MjgzYTVmMmE2YWFhZGMzNzY=\n"}}, {"pk": "0a50b860b706cb3936792f12982ac05f", "model": "sessions.session", "fields": {"expire_date": "2010-11-15 12:34:48", "session_data": "gAJ9cQEoVRJfYXV0aF91c2VyX2JhY2tlbmRxAlUpZGphbmdvLmNvbnRyaWIuYXV0aC5iYWNrZW5k\ncy5Nb2RlbEJhY2tlbmRxA1UNX2F1dGhfdXNlcl9pZHEESwF1LmNhYTgxNjQ5YjIxNjUzMzMyOGQw\nODJlNGY0MDEyZDAy\n"}}, {"pk": "d7016330bf206c01d654c24175576df9", "model": "sessions.session", "fields": {"expire_date": "2010-11-22 10:21:07", "session_data": "gAJ9cQFVCnRlc3Rjb29raWVxAlUGd29ya2VkcQNzLjUwNmVmMjIzYmM1ZGFkZjFkYTU2MDEwNDE2\nOTYwMTli\n"}}, {"pk": "7a17dfc28cebf39d3d35621499a0310b", "model": "sessions.session", "fields": {"expire_date": "2010-11-22 10:21:09", "session_data": "gAJ9cQEoVRJfYXV0aF91c2VyX2JhY2tlbmRxAlUpZGphbmdvLmNvbnRyaWIuYXV0aC5iYWNrZW5k\ncy5Nb2RlbEJhY2tlbmRxA1UNX2F1dGhfdXNlcl9pZHEESwF1LmNhYTgxNjQ5YjIxNjUzMzMyOGQw\nODJlNGY0MDEyZDAy\n"}}, {"pk": "3284265a2b840a4646ce874b03c24d31", "model": "sessions.session", "fields": {"expire_date": "2010-11-24 10:13:45", "session_data": "gAJ9cQEoVQdyb29tX2lkcQJYAQAAADFVDV9hdXRoX3VzZXJfaWRxA0sBVRJfYXV0aF91c2VyX2Jh\nY2tlbmRxBFUpZGphbmdvLmNvbnRyaWIuYXV0aC5iYWNrZW5kcy5Nb2RlbEJhY2tlbmRxBXUuOWFm\nYjQ4ZmZhZmZmOTM0MjgzYTVmMmE2YWFhZGMzNzY=\n"}}, {"pk": "5384889c43ce6b48076af1fff4bf485b", "model": "sessions.session", "fields": {"expire_date": "2010-11-19 11:01:32", "session_data": "gAJ9cQEoVQdyb29tX2lkcQJYAQAAADFVDV9hdXRoX3VzZXJfaWRxA0sBVRJfYXV0aF91c2VyX2Jh\nY2tlbmRxBFUpZGphbmdvLmNvbnRyaWIuYXV0aC5iYWNrZW5kcy5Nb2RlbEJhY2tlbmRxBXUuOWFm\nYjQ4ZmZhZmZmOTM0MjgzYTVmMmE2YWFhZGMzNzY=\n"}}, {"pk": "c0965bf5d150f3b4aceb205dd2b59c64", "model": "sessions.session", "fields": {"expire_date": "2010-11-24 10:35:35", "session_data": "gAJ9cQFVCnRlc3Rjb29raWVxAlUGd29ya2VkcQNzLjUwNmVmMjIzYmM1ZGFkZjFkYTU2MDEwNDE2\nOTYwMTli\n"}}, {"pk": "b7e12dfc1f42016ef543ee5981970973", "model": "sessions.session", "fields": {"expire_date": "2010-11-24 10:43:48", "session_data": "gAJ9cQEoVQdyb29tX2lkWAEAAAAxVQ1fYXV0aF91c2VyX2lkSwFVEl9hdXRoX3VzZXJfYmFja2Vu\nZFUpZGphbmdvLmNvbnRyaWIuYXV0aC5iYWNrZW5kcy5Nb2RlbEJhY2tlbmR1LjkzMjdjOTUzZTQz\nZDA0YjU1ZWJjN2E3NzlmZThjYzU2\n"}}, {"pk": 1, "model": "sites.site", "fields": {"domain": "example.com", "name": "example.com"}}, {"pk": 141, "model": "admin.logentry", "fields": {"action_flag": 3, "action_time": "2010-11-10 11:09:58", "object_repr": "[Addisjon, 2010-11-10 10:35:41] foo", "object_id": "1", "change_message": "", "user": 1, "content_type": 13}}, {"pk": 140, "model": "admin.logentry", "fields": {"action_flag": 3, "action_time": "2010-11-10 11:09:58", "object_repr": "[Addisjon, 2010-11-10 10:42:03] foo", "object_id": "2", "change_message": "", "user": 1, "content_type": 13}}, {"pk": 139, "model": "admin.logentry", "fields": {"action_flag": 3, "action_time": "2010-11-10 11:09:57", "object_repr": "[Subtraksjon, 2010-11-10 10:43:46] foo", "object_id": "3", "change_message": "", "user": 1, "content_type": 13}}, {"pk": 138, "model": "admin.logentry", "fields": {"action_flag": 2, "action_time": "2010-11-10 11:00:52", "object_repr": "lol", "object_id": "6", "change_message": "Endret first_name, last_name, email og groups.", "user": 1, "content_type": 3}}, {"pk": 137, "model": "admin.logentry", "fields": {"action_flag": 2, "action_time": "2010-11-10 11:00:08", "object_repr": "sdf's profile", "object_id": "3", "change_message": "Endret points.", "user": 1, "content_type": 9}}, {"pk": 136, "model": "admin.logentry", "fields": {"action_flag": 2, "action_time": "2010-11-10 11:00:01", "object_repr": "omg's profile", "object_id": "4", "change_message": "Endret points.", "user": 1, "content_type": 9}}, {"pk": 135, "model": "admin.logentry", "fields": {"action_flag": 2, "action_time": "2010-11-10 10:59:57", "object_repr": "lol's profile", "object_id": "5", "change_message": "Endret points.", "user": 1, "content_type": 9}}, {"pk": 134, "model": "admin.logentry", "fields": {"action_flag": 1, "action_time": "2010-11-10 10:59:39", "object_repr": "lol", "object_id": "6", "change_message": "", "user": 1, "content_type": 3}}, {"pk": 133, "model": "admin.logentry", "fields": {"action_flag": 2, "action_time": "2010-11-10 10:58:27", "object_repr": "omg", "object_id": "5", "change_message": "Endret first_name, last_name, email og groups.", "user": 1, "content_type": 3}}, {"pk": 132, "model": "admin.logentry", "fields": {"action_flag": 1, "action_time": "2010-11-10 10:57:52", "object_repr": "omg", "object_id": "5", "change_message": "", "user": 1, "content_type": 3}}, {"pk": 131, "model": "admin.logentry", "fields": {"action_flag": 2, "action_time": "2010-11-10 10:43:39", "object_repr": "[Addisjon] Michael leser for \u00e5 bli bokorm. I forrige uke begynte han p\u00e5 en ny bok og leste 10 sider. I denne uka fortsatte han \u00e5 lese, og har n\u00e5 lest 15 sider i den nye boka. Hvor mange sider har han ", "object_id": "35", "change_message": "Endret real_answer og points.", "user": 1, "content_type": 12}}, {"pk": 130, "model": "admin.logentry", "fields": {"action_flag": 1, "action_time": "2010-11-10 10:41:25", "object_repr": "[Addisjon] Thea samler p\u00e5 kulepenner. Hun hadde 17. Denne uka fikk Thea 7 flere kulepenner. Hvor mange kulepenner har Thea n\u00e5?", "object_id": "49", "change_message": "", "user": 1, "content_type": 12}}, {"pk": 129, "model": "admin.logentry", "fields": {"action_flag": 1, "action_time": "2010-11-10 10:40:39", "object_repr": "[Multiplikasjon] Stine skal lage godteposer til bursdagen sin. Hun har en haug med nonstop som skal deles i 9 poser. Det blir 4 i hver. Hvor mange nonstop var det i haugen?", "object_id": "48", "change_message": "", "user": 1, "content_type": 12}}, {"pk": 128, "model": "admin.logentry", "fields": {"action_flag": 1, "action_time": "2010-11-10 10:38:52", "object_repr": "[Divisjon] Hvis Jakob har 40 seigmenn og skal dele disse med 4 andre - hvor mange seigmenn f\u00e5r de hver?", "object_id": "47", "change_message": "", "user": 1, "content_type": 12}}, {"pk": 127, "model": "admin.logentry", "fields": {"action_flag": 1, "action_time": "2010-11-10 10:38:26", "object_repr": "[Divisjon] Emily skal s\u00e5 melonfr\u00f8. I hver rad skal hun ha 9 planter. Hvor mange rader m\u00e5 Emily ha hvis gun til sammen skal ha 27 planter?", "object_id": "46", "change_message": "", "user": 1, "content_type": 12}}, {"pk": 126, "model": "admin.logentry", "fields": {"action_flag": 1, "action_time": "2010-11-10 10:36:59", "object_repr": "[Subtraksjon] Det var en gang 13 tomater som skulle over en vei. S\u00e5 ble 9 overkj\u00f8rt. Hvor mange var det igjen?", "object_id": "45", "change_message": "", "user": 1, "content_type": 12}}, {"pk": 125, "model": "admin.logentry", "fields": {"action_flag": 1, "action_time": "2010-11-10 10:36:30", "object_repr": "[Multiplikasjon] Vegard l\u00e5nte en bok p\u00e5 biblioteket. Han leser 2 sider hver dag. Dersom vi ganger dette med antall dager han brukte p\u00e5 \u00e5 lese boka, finner vi ut at boka er p\u00e5 16 sider. Hvor mange dage", "object_id": "44", "change_message": "", "user": 1, "content_type": 12}}, {"pk": 124, "model": "admin.logentry", "fields": {"action_flag": 1, "action_time": "2010-11-08 10:58:34", "object_repr": "[Divisjon] Hvis Martin har 4 drops og skal dele disse med Emma - hvor mange drops f\u00e5r de hver?", "object_id": "43", "change_message": "", "user": 1, "content_type": 12}}, {"pk": 123, "model": "admin.logentry", "fields": {"action_flag": 1, "action_time": "2010-11-08 10:57:43", "object_repr": "[Divisjon] I et dataspill er det om \u00e5 gj\u00f8re \u00e5 fange fisker. For hver fisk man fanger f\u00e5r man 3 poeng. Adrian fikk 12 poeng. Hvor mange fisk fanget han?", "object_id": "42", "change_message": "", "user": 1, "content_type": 12}}, {"pk": 122, "model": "admin.logentry", "fields": {"action_flag": 1, "action_time": "2010-11-08 10:56:19", "object_repr": "[Multiplikasjon] Alle i gruppen til Sara fikk drops. De fikk 5 drops hver, og multiplisert med antall barn ble dette 30 drops. Hvor mange var det i Sara sin gruppe? ", "object_id": "41", "change_message": "", "user": 1, "content_type": 12}}, {"pk": 121, "model": "admin.logentry", "fields": {"action_flag": 1, "action_time": "2010-11-08 10:55:12", "object_repr": "[Multiplikasjon] Elisabeth er nettopp ferdig med et matteark. Arket er delt inn i ruter, og i hver rute er det en oppgave. Det er 3 ruter bortover og 3 ruter nedover. Hvor mange stykker har Elisabeth ", "object_id": "40", "change_message": "", "user": 1, "content_type": 12}}, {"pk": 120, "model": "admin.logentry", "fields": {"action_flag": 1, "action_time": "2010-11-08 10:54:08", "object_repr": "[Multiplikasjon] Laget til Mathias vant en turnering. Alle 4 p\u00e5 laget fikk 3 lekedinosaurer hver i premie. Hvor mange lekedinosaurer ble det delt ut?", "object_id": "39", "change_message": "", "user": 1, "content_type": 12}}, {"pk": 119, "model": "admin.logentry", "fields": {"action_flag": 1, "action_time": "2010-11-08 10:52:09", "object_repr": "[Divisjon] Emma skal pakke 49 s\u00e5per i esker. N\u00e5r Emma fordeler s\u00e5pene p\u00e5 eskene, blir det 7 i hver. Hvor mange esker har Emma?", "object_id": "38", "change_message": "", "user": 1, "content_type": 12}}, {"pk": 118, "model": "admin.logentry", "fields": {"action_flag": 1, "action_time": "2010-11-08 10:50:54", "object_repr": "[Multiplikasjon] En sjokoladeplate er delt inn i ruter. Det er 5 rader med 5 ruter i hver rad. Hvor mange ruter er det til sammen?", "object_id": "37", "change_message": "", "user": 1, "content_type": 12}}, {"pk": 117, "model": "admin.logentry", "fields": {"action_flag": 1, "action_time": "2010-11-08 10:50:11", "object_repr": "[Multiplikasjon] Robin skal leke med LEGO-figurer sammen med vennene sine. De er 3 barn som deler p\u00e5 alle LEGO-figurene og f\u00e5r 6 hver. Hvor mange LEGO-figurer har de til sammen?", "object_id": "36", "change_message": "", "user": 1, "content_type": 12}}, {"pk": 116, "model": "admin.logentry", "fields": {"action_flag": 1, "action_time": "2010-11-08 10:48:34", "object_repr": "[Addisjon] Michael leser for \u00e5 bli bokorm. I forrige uke begynte han p\u00e5 en ny bok og leste 10 sider. I denne uka fortsatte han \u00e5 lese, og har n\u00e5 lest 15 sider i den nye boka. Hvor mange sider har han ", "object_id": "35", "change_message": "", "user": 1, "content_type": 12}}, {"pk": 115, "model": "admin.logentry", "fields": {"action_flag": 1, "action_time": "2010-11-08 10:46:22", "object_repr": "[Subtraksjon] Jacob hadde fanget 25 rumpetroll, da han m\u00e5tte inn \u00e5 spise lunsj. Da han kom tilbake, merket han at noen hadde r\u00f8mt. N\u00e5 var det bare 6 igjen. Hvor mange rumpetroll r\u00f8mte mens Jacob spist", "object_id": "34", "change_message": "", "user": 1, "content_type": 12}}, {"pk": 114, "model": "admin.logentry", "fields": {"action_flag": 1, "action_time": "2010-11-08 10:44:21", "object_repr": "[Subtraksjon] J\u00f8rgen lastet ned noen dataspill i forrige uke. Denne uka lastet han ned 9 dataspill. Til sammen ble det 18 dataspill. Hvor mange dataspill lastet han ned i forrige uke?", "object_id": "33", "change_message": "", "user": 1, "content_type": 12}}, {"pk": 113, "model": "admin.logentry", "fields": {"action_flag": 1, "action_time": "2010-11-08 10:42:53", "object_repr": "[Addisjon] Jacob slettet nettopp 14 filmklipp p\u00e5 datamaskinen. Han har n\u00e5 bare 5 filmklipp igjen. Hvor mange filmklipp hadde Jacob f\u00f8r slettingen?", "object_id": "32", "change_message": "", "user": 1, "content_type": 12}}, {"pk": 112, "model": "admin.logentry", "fields": {"action_flag": 1, "action_time": "2010-11-08 10:41:29", "object_repr": "[Subtraksjon] Emily hadde 11 drops. S\u00e5 ble hun sulten og spiste 9. Hvor mange drops har Emily igjen?", "object_id": "31", "change_message": "", "user": 1, "content_type": 12}}, {"pk": 111, "model": "admin.logentry", "fields": {"action_flag": 1, "action_time": "2010-11-08 10:40:36", "object_repr": "[Subtraksjon] Julie lagrer animasjoner p\u00e5 minnebrikken sin. Hun la nettopp inn 12 nye animasjoner. Til sammen har hun 29 animasjoner p\u00e5 minnebrikken. Hvor mange animasjoner hadde Julie liggende fra f\u00f8", "object_id": "30", "change_message": "", "user": 1, "content_type": 12}}, {"pk": 110, "model": "admin.logentry", "fields": {"action_flag": 1, "action_time": "2010-11-08 10:37:41", "object_repr": "[Divisjon] Alexander skal kopiere 32 mp3-l\u00e5ter fra Sandra sin datamaskin ved hjelp av en minnepinne. Han f\u00e5r bare plass til 8 mp3-l\u00e5ter hver gang. Hvor mange ganger m\u00e5 Alexander kopiere?", "object_id": "29", "change_message": "", "user": 1, "content_type": 12}}, {"pk": 109, "model": "admin.logentry", "fields": {"action_flag": 1, "action_time": "2010-11-08 10:35:59", "object_repr": "[Divisjon] Emma skal s\u00e5 melonfr\u00f8. Hun har 6 sm\u00e5 potter. I hver potte skal det v\u00e6re ett fr\u00f8. I hver fr\u00f8pakke er det 2 fr\u00f8. Hvor mange fr\u00f8pakker trenger Emma?", "object_id": "28", "change_message": "", "user": 1, "content_type": 12}}, {"pk": 108, "model": "admin.logentry", "fields": {"action_flag": 1, "action_time": "2010-11-08 10:34:16", "object_repr": "[Subtraksjon] Bj\u00f8rn pleide \u00e5 samle p\u00e5 klistremerker. N\u00e5 har han 3 klistremerker liggende i en skuff. Han hadde en gang 18 klistremerker, men noen var blitt borte. Hvor mange klistremerker har Bj\u00f8rn mi", "object_id": "27", "change_message": "", "user": 1, "content_type": 12}}, {"pk": 107, "model": "admin.logentry", "fields": {"action_flag": 1, "action_time": "2010-11-08 10:31:18", "object_repr": "[Multiplikasjon] Tobias skal leke med sprettballer sammen med vennene sine. De er 9 personer som deler alle sprettballene og f\u00e5r 4 hver. Hvor mange sprettballer har de sammen?", "object_id": "26", "change_message": "", "user": 1, "content_type": 12}}, {"pk": 106, "model": "admin.logentry", "fields": {"action_flag": 1, "action_time": "2010-11-08 10:28:21", "object_repr": "[Addisjon] Jacob l\u00e5ner Kristian sine sprettballer. Selv har han 14 og Kristian har 2. Hvor mange sprettballer har de til sammen?", "object_id": "25", "change_message": "", "user": 1, "content_type": 12}}, {"pk": 105, "model": "admin.logentry", "fields": {"action_flag": 1, "action_time": "2010-11-08 10:26:39", "object_repr": "[Multiplikasjon] Jacob har 3 mp3-l\u00e5ter liggende p\u00e5 minnebrikken sin. Hver l\u00e5t er p\u00e5 2 megabyte. Hvor mange megabyte er det til sammen?", "object_id": "24", "change_message": "", "user": 1, "content_type": 12}}, {"pk": 104, "model": "admin.logentry", "fields": {"action_flag": 1, "action_time": "2010-11-08 10:25:27", "object_repr": "[Subtraksjon] Andreas har 7 opptrekkere. Emma har ogs\u00e5 noen opptrekkere. Til sammen har de 11 opptrekkere. Hvor mange opptrekkere har Emma?", "object_id": "23", "change_message": "", "user": 1, "content_type": 12}}, {"pk": 103, "model": "admin.logentry", "fields": {"action_flag": 1, "action_time": "2010-11-08 10:23:53", "object_repr": "[Addisjon] Michael samler p\u00e5 n\u00f8kkelringer. Han hadde 27. Denne uka fikk Michael 2 flere n\u00f8kkelringer. Hvor mange n\u00f8kkelnringer har Micheal n\u00e5?", "object_id": "22", "change_message": "", "user": 1, "content_type": 12}}, {"pk": 102, "model": "admin.logentry", "fields": {"action_flag": 2, "action_time": "2010-11-05 11:39:39", "object_repr": "[Addisjon] P\u00e5 tide \u00e5 skrive noen hint...", "object_id": "1", "change_message": "Endret text og cost.", "user": 1, "content_type": 11}}, {"pk": 101, "model": "admin.logentry", "fields": {"action_flag": 2, "action_time": "2010-11-05 11:39:04", "object_repr": "[Addisjon] How do you like them apples?", "object_id": "2", "change_message": "Endret cost.", "user": 1, "content_type": 11}}, {"pk": 100, "model": "admin.logentry", "fields": {"action_flag": 3, "action_time": "2010-11-05 11:17:16", "object_repr": "[Addisjon, 2010-11-05 11:01:31] foo", "object_id": "1", "change_message": "", "user": 1, "content_type": 13}}, {"pk": 99, "model": "admin.logentry", "fields": {"action_flag": 2, "action_time": "2010-11-05 11:17:06", "object_repr": "[Addisjon] Forestill deg to epler blablabla FFFFFFFFFUUUUU", "object_id": "1", "change_message": "Endret cost.", "user": 1, "content_type": 11}}, {"pk": 98, "model": "admin.logentry", "fields": {"action_flag": 2, "action_time": "2010-11-05 10:49:54", "object_repr": "bar", "object_id": "3", "change_message": "Endret username.", "user": 1, "content_type": 3}}, {"pk": 97, "model": "admin.logentry", "fields": {"action_flag": 2, "action_time": "2010-11-05 10:49:48", "object_repr": "foo", "object_id": "1", "change_message": "Endret username.", "user": 1, "content_type": 3}}, {"pk": 96, "model": "admin.logentry", "fields": {"action_flag": 3, "action_time": "2010-11-05 10:35:32", "object_repr": "[Addisjon, 2010-11-01 12:44:59] testuser", "object_id": "1", "change_message": "", "user": 1, "content_type": 13}}, {"pk": 95, "model": "admin.logentry", "fields": {"action_flag": 2, "action_time": "2010-11-05 10:33:46", "object_repr": "testuser2", "object_id": "3", "change_message": "Endret username.", "user": 1, "content_type": 3}}, {"pk": 94, "model": "admin.logentry", "fields": {"action_flag": 2, "action_time": "2010-11-05 10:33:23", "object_repr": "testuser", "object_id": "1", "change_message": "Endret username.", "user": 1, "content_type": 3}}, {"pk": 93, "model": "admin.logentry", "fields": {"action_flag": 2, "action_time": "2010-11-05 10:23:37", "object_repr": "sdf2", "object_id": "3", "change_message": "Endret username.", "user": 1, "content_type": 3}}, {"pk": 92, "model": "admin.logentry", "fields": {"action_flag": 2, "action_time": "2010-11-05 10:23:20", "object_repr": "sdf", "object_id": "1", "change_message": "Endret username.", "user": 1, "content_type": 3}}, {"pk": 91, "model": "admin.logentry", "fields": {"action_flag": 2, "action_time": "2010-11-05 10:21:26", "object_repr": "test3", "object_id": "1", "change_message": "Endret username.", "user": 1, "content_type": 3}}, {"pk": 90, "model": "admin.logentry", "fields": {"action_flag": 3, "action_time": "2010-11-01 12:06:00", "object_repr": "[Addisjon, 2010-11-01 11:29:34] test", "object_id": "1", "change_message": "", "user": 1, "content_type": 12}}, {"pk": 89, "model": "admin.logentry", "fields": {"action_flag": 1, "action_time": "2010-11-01 12:00:31", "object_repr": "[Addisjon] How do you like them apples?", "object_id": "2", "change_message": "", "user": 1, "content_type": 14}}, {"pk": 88, "model": "admin.logentry", "fields": {"action_flag": 2, "action_time": "2010-11-01 11:56:00", "object_repr": "test2", "object_id": "3", "change_message": "Endret username.", "user": 1, "content_type": 3}}, {"pk": 87, "model": "admin.logentry", "fields": {"action_flag": 2, "action_time": "2010-11-01 11:55:54", "object_repr": "test", "object_id": "1", "change_message": "Endret username.", "user": 1, "content_type": 3}}, {"pk": 86, "model": "admin.logentry", "fields": {"action_flag": 2, "action_time": "2010-11-01 11:54:50", "object_repr": "[Addisjon] Forestill deg to epler blablabla FFFFFFFFFUUUUU", "object_id": "1", "change_message": "Endret cost.", "user": 1, "content_type": 14}}, {"pk": 84, "model": "admin.logentry", "fields": {"action_flag": 3, "action_time": "2010-11-01 11:17:45", "object_repr": "[Addisjon, 2010-10-15 14:56:35] ericc", "object_id": "2", "change_message": "", "user": 1, "content_type": 12}}, {"pk": 85, "model": "admin.logentry", "fields": {"action_flag": 3, "action_time": "2010-11-01 11:17:45", "object_repr": "[Addisjon, 2010-10-15 14:55:50] ericc", "object_id": "1", "change_message": "", "user": 1, "content_type": 12}}, {"pk": 80, "model": "admin.logentry", "fields": {"action_flag": 3, "action_time": "2010-11-01 11:17:44", "object_repr": "[Subtraksjon, 2010-10-19 17:31:02] ericc", "object_id": "6", "change_message": "", "user": 1, "content_type": 12}}, {"pk": 81, "model": "admin.logentry", "fields": {"action_flag": 3, "action_time": "2010-11-01 11:17:44", "object_repr": "[Addisjon, 2010-10-19 17:30:49] ericc", "object_id": "5", "change_message": "", "user": 1, "content_type": 12}}, {"pk": 82, "model": "admin.logentry", "fields": {"action_flag": 3, "action_time": "2010-11-01 11:17:44", "object_repr": "[Addisjon, 2010-10-15 14:58:10] ericc", "object_id": "4", "change_message": "", "user": 1, "content_type": 12}}, {"pk": 83, "model": "admin.logentry", "fields": {"action_flag": 3, "action_time": "2010-11-01 11:17:44", "object_repr": "[Subtraksjon, 2010-10-15 14:56:39] ericc", "object_id": "3", "change_message": "", "user": 1, "content_type": 12}}, {"pk": 79, "model": "admin.logentry", "fields": {"action_flag": 2, "action_time": "2010-11-01 11:17:17", "object_repr": "ericc's profile", "object_id": "1", "change_message": "Endret points.", "user": 1, "content_type": 9}}, {"pk": 78, "model": "admin.logentry", "fields": {"action_flag": 2, "action_time": "2010-11-01 11:16:35", "object_repr": "kennym", "object_id": "3", "change_message": "Endret username, first_name, last_name og email.", "user": 1, "content_type": 3}}, {"pk": 77, "model": "admin.logentry", "fields": {"action_flag": 2, "action_time": "2010-11-01 11:15:49", "object_repr": "ericc", "object_id": "1", "change_message": "Endret username.", "user": 1, "content_type": 3}}, {"pk": 76, "model": "admin.logentry", "fields": {"action_flag": 3, "action_time": "2010-11-01 11:15:35", "object_repr": "vegardoj", "object_id": "2", "change_message": "", "user": 1, "content_type": 3}}, {"pk": 75, "model": "admin.logentry", "fields": {"action_flag": 1, "action_time": "2010-11-01 11:13:40", "object_repr": "[Addisjon] Forestill deg to epler blablabla FFFFFFFFFUUUUU", "object_id": "1", "change_message": "", "user": 1, "content_type": 14}}, {"pk": 74, "model": "admin.logentry", "fields": {"action_flag": 1, "action_time": "2010-11-01 09:15:57", "object_repr": "test2", "object_id": "3", "change_message": "", "user": 1, "content_type": 3}}, {"pk": 73, "model": "admin.logentry", "fields": {"action_flag": 3, "action_time": "2010-10-15 14:54:55", "object_repr": "vegardoj's profile", "object_id": "2", "change_message": "", "user": 1, "content_type": 9}}, {"pk": 72, "model": "admin.logentry", "fields": {"action_flag": 2, "action_time": "2010-10-15 14:54:48", "object_repr": "test's profile", "object_id": "1", "change_message": "Endret points.", "user": 1, "content_type": 9}}, {"pk": 71, "model": "admin.logentry", "fields": {"action_flag": 3, "action_time": "2010-10-15 14:54:25", "object_repr": "[Addisjon, 2010-10-15 14:37:13] test", "object_id": "1", "change_message": "", "user": 1, "content_type": 12}}, {"pk": 70, "model": "admin.logentry", "fields": {"action_flag": 3, "action_time": "2010-10-15 14:54:24", "object_repr": "[Addisjon, 2010-10-15 14:53:56] test", "object_id": "2", "change_message": "", "user": 1, "content_type": 12}}, {"pk": 69, "model": "admin.logentry", "fields": {"action_flag": 3, "action_time": "2010-10-15 14:37:05", "object_repr": "[Addisjon, 2010-10-15 14:31:24] test", "object_id": "1", "change_message": "", "user": 1, "content_type": 12}}, {"pk": 68, "model": "admin.logentry", "fields": {"action_flag": 3, "action_time": "2010-10-15 14:37:04", "object_repr": "[Addisjon, 2010-10-15 14:33:15] test", "object_id": "2", "change_message": "", "user": 1, "content_type": 12}}, {"pk": 67, "model": "admin.logentry", "fields": {"action_flag": 3, "action_time": "2010-10-15 14:31:12", "object_repr": "[Subtraksjon, 2010-10-15 14:27:18] test", "object_id": "1", "change_message": "", "user": 1, "content_type": 12}}, {"pk": 66, "model": "admin.logentry", "fields": {"action_flag": 3, "action_time": "2010-10-15 14:31:11", "object_repr": "[Addisjon, 2010-10-15 14:29:27] test", "object_id": "2", "change_message": "", "user": 1, "content_type": 12}}, {"pk": 65, "model": "admin.logentry", "fields": {"action_flag": 3, "action_time": "2010-10-15 14:27:12", "object_repr": "[Subtraksjon, 2010-10-15 12:57:40] test", "object_id": "1", "change_message": "", "user": 1, "content_type": 12}}, {"pk": 57, "model": "admin.logentry", "fields": {"action_flag": 3, "action_time": "2010-10-15 14:27:11", "object_repr": "[Divisjon, 2010-10-15 12:58:59] test", "object_id": "9", "change_message": "", "user": 1, "content_type": 12}}, {"pk": 58, "model": "admin.logentry", "fields": {"action_flag": 3, "action_time": "2010-10-15 14:27:11", "object_repr": "[Divisjon, 2010-10-15 12:58:50] test", "object_id": "8", "change_message": "", "user": 1, "content_type": 12}}, {"pk": 59, "model": "admin.logentry", "fields": {"action_flag": 3, "action_time": "2010-10-15 14:27:11", "object_repr": "[Divisjon, 2010-10-15 12:58:42] test", "object_id": "7", "change_message": "", "user": 1, "content_type": 12}}, {"pk": 60, "model": "admin.logentry", "fields": {"action_flag": 3, "action_time": "2010-10-15 14:27:11", "object_repr": "[Divisjon, 2010-10-15 12:58:34] test", "object_id": "6", "change_message": "", "user": 1, "content_type": 12}}, {"pk": 61, "model": "admin.logentry", "fields": {"action_flag": 3, "action_time": "2010-10-15 14:27:11", "object_repr": "[Divisjon, 2010-10-15 12:58:21] test", "object_id": "5", "change_message": "", "user": 1, "content_type": 12}}, {"pk": 62, "model": "admin.logentry", "fields": {"action_flag": 3, "action_time": "2010-10-15 14:27:11", "object_repr": "[Multiplikasjon, 2010-10-15 12:58:14] test", "object_id": "4", "change_message": "", "user": 1, "content_type": 12}}, {"pk": 63, "model": "admin.logentry", "fields": {"action_flag": 3, "action_time": "2010-10-15 14:27:11", "object_repr": "[Multiplikasjon, 2010-10-15 12:58:02] test", "object_id": "3", "change_message": "", "user": 1, "content_type": 12}}, {"pk": 64, "model": "admin.logentry", "fields": {"action_flag": 3, "action_time": "2010-10-15 14:27:11", "object_repr": "[Subtraksjon, 2010-10-15 12:57:53] test", "object_id": "2", "change_message": "", "user": 1, "content_type": 12}}, {"pk": 53, "model": "admin.logentry", "fields": {"action_flag": 3, "action_time": "2010-10-15 14:27:10", "object_repr": "[Addisjon, 2010-10-15 14:25:12] test", "object_id": "13", "change_message": "", "user": 1, "content_type": 12}}, {"pk": 54, "model": "admin.logentry", "fields": {"action_flag": 3, "action_time": "2010-10-15 14:27:10", "object_repr": "[Addisjon, 2010-10-15 13:50:34] vegardoj", "object_id": "12", "change_message": "", "user": 1, "content_type": 12}}, {"pk": 55, "model": "admin.logentry", "fields": {"action_flag": 3, "action_time": "2010-10-15 14:27:10", "object_repr": "[Addisjon, 2010-10-15 13:50:19] vegardoj", "object_id": "11", "change_message": "", "user": 1, "content_type": 12}}, {"pk": 56, "model": "admin.logentry", "fields": {"action_flag": 3, "action_time": "2010-10-15 14:27:10", "object_repr": "[Divisjon, 2010-10-15 12:59:04] test", "object_id": "10", "change_message": "", "user": 1, "content_type": 12}}, {"pk": 48, "model": "admin.logentry", "fields": {"action_flag": 1, "action_time": "2010-10-15 14:19:10", "object_repr": "[Addisjon] Maria har 5 bananer og Per har 3 bananer. Hvor mange bananer har Maria og Per til sammen?", "object_id": "22", "change_message": "", "user": 1, "content_type": 11}}, {"pk": 47, "model": "admin.logentry", "fields": {"action_flag": 1, "action_time": "2010-10-15 14:14:03", "object_repr": "[Multiplikasjon] Andre trinn p\u00e5 Notodden skole best\u00e5r av tre klasser. Det g\u00e5r 21 elever i hver klasse. Hvor mange elever er det i alt p\u00e5 andre trinn?", "object_id": "21", "change_message": "", "user": 1, "content_type": 11}}, {"pk": 46, "model": "admin.logentry", "fields": {"action_flag": 1, "action_time": "2010-10-15 14:12:09", "object_repr": "[Divisjon] En klasse p\u00e5 32 elever skal deles i fire. Hvor mange blir det p\u00e5 hver gruppe?", "object_id": "20", "change_message": "", "user": 1, "content_type": 11}}, {"pk": 45, "model": "admin.logentry", "fields": {"action_flag": 1, "action_time": "2010-10-15 14:10:47", "object_repr": "[Multiplikasjon] Petter f\u00e5r 50 kroner i ukel\u00f8nn. Hvor mye penger f\u00e5r han i l\u00f8pet av 5 uker?", "object_id": "19", "change_message": "", "user": 1, "content_type": 11}}, {"pk": 44, "model": "admin.logentry", "fields": {"action_flag": 1, "action_time": "2010-10-15 14:09:36", "object_repr": "[Divisjon] Tre venner har ni epler. Hvor mange f\u00e5r de hver?", "object_id": "18", "change_message": "", "user": 1, "content_type": 11}}, {"pk": 43, "model": "admin.logentry", "fields": {"action_flag": 1, "action_time": "2010-10-15 14:06:34", "object_repr": "[Addisjon] \u00c5ge har 5 epler. Han f\u00e5r 3 epler av Ingrid. Hvor mange epler har \u00c5ge til sammen?", "object_id": "17", "change_message": "", "user": 1, "content_type": 11}}, {"pk": 42, "model": "admin.logentry", "fields": {"action_flag": 1, "action_time": "2010-10-15 14:05:36", "object_repr": "[Addisjon] En gutt har en valp. S\u00e5 f\u00e5r han en til. Hvor mange valper har han n\u00e5?", "object_id": "16", "change_message": "", "user": 1, "content_type": 11}}, {"pk": 41, "model": "admin.logentry", "fields": {"action_flag": 1, "action_time": "2010-10-15 14:04:59", "object_repr": "[Subtraksjon] Per har 90 kroner og Lise har 50 kroner. De kj\u00f8per seg en CD til 80 kroner. Hvor mye har de igjen tilsammen?", "object_id": "15", "change_message": "", "user": 1, "content_type": 11}}, {"pk": 40, "model": "admin.logentry", "fields": {"action_flag": 1, "action_time": "2010-10-15 14:02:08", "object_repr": "[Subtraksjon] Marthe har 35 kaker. Hun gir bort 10 til Elias. Hvor mange kaker har hun igjen?", "object_id": "14", "change_message": "", "user": 1, "content_type": 11}}, {"pk": 39, "model": "admin.logentry", "fields": {"action_flag": 1, "action_time": "2010-10-15 14:01:37", "object_repr": "[Subtraksjon] Hilde har 54 kroner, og Magnus har 57 kroner. Hvor mange kroner mindre har Hilde enn Magnus?", "object_id": "13", "change_message": "", "user": 1, "content_type": 11}}, {"pk": 52, "model": "admin.logentry", "fields": {"action_flag": 2, "action_time": "2010-10-15 13:59:12", "object_repr": "test's profile", "object_id": "1", "change_message": "Endret points.", "user": 1, "content_type": 9}}, {"pk": 49, "model": "admin.logentry", "fields": {"action_flag": 3, "action_time": "2010-10-15 13:16:53", "object_repr": "test | 2010-10-15 12:51:20.907567 | Divisjon", "object_id": "3", "change_message": "", "user": 1, "content_type": 12}}, {"pk": 50, "model": "admin.logentry", "fields": {"action_flag": 3, "action_time": "2010-10-15 13:16:53", "object_repr": "test | 2010-10-15 12:50:03.041886 | Divisjon", "object_id": "2", "change_message": "", "user": 1, "content_type": 12}}, {"pk": 51, "model": "admin.logentry", "fields": {"action_flag": 3, "action_time": "2010-10-15 13:16:53", "object_repr": "test | 2010-10-15 12:49:59.962029 | Addisjon", "object_id": "1", "change_message": "", "user": 1, "content_type": 12}}, {"pk": 38, "model": "admin.logentry", "fields": {"action_flag": 1, "action_time": "2010-10-15 12:49:09", "object_repr": "Hva er 9 / 3?", "object_id": "12", "change_message": "", "user": 1, "content_type": 11}}, {"pk": 37, "model": "admin.logentry", "fields": {"action_flag": 1, "action_time": "2010-10-15 12:48:48", "object_repr": "Hva er 8 / 4?", "object_id": "11", "change_message": "", "user": 1, "content_type": 11}}, {"pk": 36, "model": "admin.logentry", "fields": {"action_flag": 1, "action_time": "2010-10-15 12:48:27", "object_repr": "Hva er 4 / 2?", "object_id": "10", "change_message": "", "user": 1, "content_type": 11}}, {"pk": 35, "model": "admin.logentry", "fields": {"action_flag": 1, "action_time": "2010-10-15 12:48:08", "object_repr": "Hva er 10 * 10?", "object_id": "9", "change_message": "", "user": 1, "content_type": 11}}, {"pk": 34, "model": "admin.logentry", "fields": {"action_flag": 1, "action_time": "2010-10-15 12:47:12", "object_repr": "Hva er 2 * 9?", "object_id": "8", "change_message": "", "user": 1, "content_type": 11}}, {"pk": 33, "model": "admin.logentry", "fields": {"action_flag": 1, "action_time": "2010-10-15 12:46:59", "object_repr": "Hva er 4 * 4?", "object_id": "7", "change_message": "", "user": 1, "content_type": 11}}, {"pk": 32, "model": "admin.logentry", "fields": {"action_flag": 3, "action_time": "2010-10-15 12:46:01", "object_repr": "example.com", "object_id": "1", "change_message": "", "user": 1, "content_type": 7}}, {"pk": 26, "model": "admin.logentry", "fields": {"action_flag": 3, "action_time": "2010-10-15 12:45:41", "object_repr": "test | 2010-10-15 11:04:16.476584 | Addisjon", "object_id": "6", "change_message": "", "user": 1, "content_type": 12}}, {"pk": 27, "model": "admin.logentry", "fields": {"action_flag": 3, "action_time": "2010-10-15 12:45:41", "object_repr": "test | 2010-10-15 10:59:38.586859 | Addisjon", "object_id": "5", "change_message": "", "user": 1, "content_type": 12}}, {"pk": 28, "model": "admin.logentry", "fields": {"action_flag": 3, "action_time": "2010-10-15 12:45:41", "object_repr": "test | 2010-10-15 10:59:11.658703 | Addisjon", "object_id": "4", "change_message": "", "user": 1, "content_type": 12}}, {"pk": 29, "model": "admin.logentry", "fields": {"action_flag": 3, "action_time": "2010-10-15 12:45:41", "object_repr": "test | 2010-10-15 10:58:25.267152 | Addisjon", "object_id": "3", "change_message": "", "user": 1, "content_type": 12}}, {"pk": 30, "model": "admin.logentry", "fields": {"action_flag": 3, "action_time": "2010-10-15 12:45:41", "object_repr": "test | 2010-10-15 10:57:45.110544 | Addisjon", "object_id": "2", "change_message": "", "user": 1, "content_type": 12}}, {"pk": 31, "model": "admin.logentry", "fields": {"action_flag": 3, "action_time": "2010-10-15 12:45:41", "object_repr": "test | 2010-10-15 10:57:16.340061 | Addisjon", "object_id": "1", "change_message": "", "user": 1, "content_type": 12}}, {"pk": 19, "model": "admin.logentry", "fields": {"action_flag": 3, "action_time": "2010-10-15 12:45:40", "object_repr": "test | 2010-10-15 12:40:51.846371 | Addisjon", "object_id": "13", "change_message": "", "user": 1, "content_type": 12}}, {"pk": 20, "model": "admin.logentry", "fields": {"action_flag": 3, "action_time": "2010-10-15 12:45:40", "object_repr": "test | 2010-10-15 12:36:11.859253 | Addisjon", "object_id": "12", "change_message": "", "user": 1, "content_type": 12}}, {"pk": 21, "model": "admin.logentry", "fields": {"action_flag": 3, "action_time": "2010-10-15 12:45:40", "object_repr": "test | 2010-10-15 12:24:23.680071 | Subtraksjon", "object_id": "11", "change_message": "", "user": 1, "content_type": 12}}, {"pk": 22, "model": "admin.logentry", "fields": {"action_flag": 3, "action_time": "2010-10-15 12:45:40", "object_repr": "test | 2010-10-15 11:49:13.174200 | Addisjon", "object_id": "10", "change_message": "", "user": 1, "content_type": 12}}, {"pk": 23, "model": "admin.logentry", "fields": {"action_flag": 3, "action_time": "2010-10-15 12:45:40", "object_repr": "test | 2010-10-15 11:06:46.026789 | Addisjon", "object_id": "9", "change_message": "", "user": 1, "content_type": 12}}, {"pk": 24, "model": "admin.logentry", "fields": {"action_flag": 3, "action_time": "2010-10-15 12:45:40", "object_repr": "test | 2010-10-15 11:05:58.137954 | Addisjon", "object_id": "8", "change_message": "", "user": 1, "content_type": 12}}, {"pk": 25, "model": "admin.logentry", "fields": {"action_flag": 3, "action_time": "2010-10-15 12:45:40", "object_repr": "test | 2010-10-15 11:04:57.168726 | Addisjon", "object_id": "7", "change_message": "", "user": 1, "content_type": 12}}, {"pk": 18, "model": "admin.logentry", "fields": {"action_flag": 2, "action_time": "2010-10-15 12:45:14", "object_repr": "test", "object_id": "1", "change_message": "Endret first_name og last_name.", "user": 1, "content_type": 3}}, {"pk": 17, "model": "admin.logentry", "fields": {"action_flag": 2, "action_time": "2010-10-15 12:44:51", "object_repr": "test", "object_id": "1", "change_message": "Endret first_name og last_name.", "user": 1, "content_type": 3}}, {"pk": 16, "model": "admin.logentry", "fields": {"action_flag": 1, "action_time": "2010-10-15 12:25:25", "object_repr": "Hva 34-5?", "object_id": "6", "change_message": "", "user": 1, "content_type": 11}}, {"pk": 15, "model": "admin.logentry", "fields": {"action_flag": 1, "action_time": "2010-10-15 12:25:09", "object_repr": "Hva er 200-100", "object_id": "5", "change_message": "", "user": 1, "content_type": 11}}, {"pk": 14, "model": "admin.logentry", "fields": {"action_flag": 1, "action_time": "2010-10-15 12:25:00", "object_repr": "Hva 10 - 3?", "object_id": "4", "change_message": "", "user": 1, "content_type": 11}}, {"pk": 9, "model": "admin.logentry", "fields": {"action_flag": 3, "action_time": "2010-10-15 10:52:02", "object_repr": "test | 2010-10-15 10:45:55.770004 | Addisjon", "object_id": "5", "change_message": "", "user": 1, "content_type": 12}}, {"pk": 10, "model": "admin.logentry", "fields": {"action_flag": 3, "action_time": "2010-10-15 10:52:02", "object_repr": "test | 2010-10-15 10:45:25.432687 | Addisjon", "object_id": "4", "change_message": "", "user": 1, "content_type": 12}}, {"pk": 11, "model": "admin.logentry", "fields": {"action_flag": 3, "action_time": "2010-10-15 10:52:02", "object_repr": "test | 2010-10-15 10:43:06.129923 | Addisjon", "object_id": "3", "change_message": "", "user": 1, "content_type": 12}}, {"pk": 12, "model": "admin.logentry", "fields": {"action_flag": 3, "action_time": "2010-10-15 10:52:02", "object_repr": "test | 2010-10-15 10:40:22.639628 | Addisjon", "object_id": "2", "change_message": "", "user": 1, "content_type": 12}}, {"pk": 13, "model": "admin.logentry", "fields": {"action_flag": 3, "action_time": "2010-10-15 10:52:02", "object_repr": "test | 2010-10-15 10:38:05 | Addisjon", "object_id": "1", "change_message": "", "user": 1, "content_type": 12}}, {"pk": 8, "model": "admin.logentry", "fields": {"action_flag": 2, "action_time": "2010-10-15 10:39:54", "object_repr": "test | 2010-10-15 10:38:05 | Addisjon", "object_id": "1", "change_message": "Endret date_end og complete.", "user": 1, "content_type": 12}}, {"pk": 7, "model": "admin.logentry", "fields": {"action_flag": 1, "action_time": "2010-10-15 10:37:50", "object_repr": "Hva er 125+125?", "object_id": "3", "change_message": "", "user": 1, "content_type": 11}}, {"pk": 6, "model": "admin.logentry", "fields": {"action_flag": 1, "action_time": "2010-10-15 10:37:30", "object_repr": "Hva er 50+23?", "object_id": "2", "change_message": "", "user": 1, "content_type": 11}}, {"pk": 5, "model": "admin.logentry", "fields": {"action_flag": 1, "action_time": "2010-10-15 10:37:14", "object_repr": "Hva er 2 + 2?", "object_id": "1", "change_message": "", "user": 1, "content_type": 11}}, {"pk": 4, "model": "admin.logentry", "fields": {"action_flag": 1, "action_time": "2010-10-15 10:36:54", "object_repr": "Divisjon", "object_id": "4", "change_message": "", "user": 1, "content_type": 10}}, {"pk": 3, "model": "admin.logentry", "fields": {"action_flag": 1, "action_time": "2010-10-15 10:36:47", "object_repr": "Multiplikasjon", "object_id": "3", "change_message": "", "user": 1, "content_type": 10}}, {"pk": 2, "model": "admin.logentry", "fields": {"action_flag": 1, "action_time": "2010-10-15 10:36:37", "object_repr": "Subtraksjon", "object_id": "2", "change_message": "", "user": 1, "content_type": 10}}, {"pk": 1, "model": "admin.logentry", "fields": {"action_flag": 1, "action_time": "2010-10-15 10:36:25", "object_repr": "Addisjon", "object_id": "1", "change_message": "", "user": 1, "content_type": 10}}, {"pk": 1, "model": "main.userprofile", "fields": {"points": 120, "user": 1}}, {"pk": 2, "model": "main.userprofile", "fields": {"points": 50, "user": 3}}, {"pk": 3, "model": "main.userprofile", "fields": {"points": 25, "user": 4}}, {"pk": 4, "model": "main.userprofile", "fields": {"points": 20, "user": 5}}, {"pk": 5, "model": "main.userprofile", "fields": {"points": 10, "user": 6}}, {"pk": 1, "model": "main.room", "fields": {"required_points": 0, "name": "Addisjon", "description": "Addere tall"}}, {"pk": 2, "model": "main.room", "fields": {"required_points": 100, "name": "Subtraksjon", "description": "Subtrahere tall"}}, {"pk": 3, "model": "main.room", "fields": {"required_points": 200, "name": "Multiplikasjon", "description": "Multiplisere tall"}}, {"pk": 4, "model": "main.room", "fields": {"required_points": 300, "name": "Divisjon", "description": "Dividere tall"}}, {"pk": 1, "model": "main.hint", "fields": {"text": "P\u00e5 tide \u00e5 skrive noen hint...", "cost": 20, "room": 1}}, {"pk": 2, "model": "main.hint", "fields": {"text": "How do you like them apples?", "cost": 20, "room": 1}}, {"pk": 1, "model": "main.question", "fields": {"room": 1, "author": 1, "question": "Hva er 2 + 2?", "real_answer": "4", "points": 10, "date_created": "2010-10-15 10:37:14"}}, {"pk": 2, "model": "main.question", "fields": {"room": 1, "author": 1, "question": "Hva er 50+23?", "real_answer": "73", "points": 14, "date_created": "2010-10-15 10:37:30"}}, {"pk": 3, "model": "main.question", "fields": {"room": 1, "author": 1, "question": "Hva er 125+125?", "real_answer": "250", "points": 16, "date_created": "2010-10-15 10:37:50"}}, {"pk": 4, "model": "main.question", "fields": {"room": 2, "author": 1, "question": "Hva 10 - 3?", "real_answer": "7", "points": 21, "date_created": "2010-10-15 12:25:00"}}, {"pk": 5, "model": "main.question", "fields": {"room": 2, "author": 1, "question": "Hva er 200-100", "real_answer": "100", "points": 26, "date_created": "2010-10-15 12:25:09"}}, {"pk": 6, "model": "main.question", "fields": {"room": 2, "author": 1, "question": "Hva 34-5?", "real_answer": "29", "points": 28, "date_created": "2010-10-15 12:25:25"}}, {"pk": 7, "model": "main.question", "fields": {"room": 3, "author": 1, "question": "Hva er 4 * 4?", "real_answer": "16", "points": 32, "date_created": "2010-10-15 12:46:59"}}, {"pk": 8, "model": "main.question", "fields": {"room": 3, "author": 1, "question": "Hva er 2 * 9?", "real_answer": "18", "points": 25, "date_created": "2010-10-15 12:47:12"}}, {"pk": 9, "model": "main.question", "fields": {"room": 3, "author": 1, "question": "Hva er 10 * 10?", "real_answer": "100", "points": 27, "date_created": "2010-10-15 12:48:08"}}, {"pk": 10, "model": "main.question", "fields": {"room": 4, "author": 1, "question": "Hva er 4 / 2?", "real_answer": "2", "points": 42, "date_created": "2010-10-15 12:48:27"}}, {"pk": 11, "model": "main.question", "fields": {"room": 4, "author": 1, "question": "Hva er 8 / 4?", "real_answer": "2", "points": 46, "date_created": "2010-10-15 12:48:48"}}, {"pk": 12, "model": "main.question", "fields": {"room": 4, "author": 1, "question": "Hva er 9 / 3?", "real_answer": "3", "points": 48, "date_created": "2010-10-15 12:49:09"}}, {"pk": 13, "model": "main.question", "fields": {"room": 2, "author": 1, "question": "Hilde har 54 kroner, og Magnus har 57 kroner. Hvor mange kroner mindre har Hilde enn Magnus?", "real_answer": "3", "points": 10, "date_created": "2010-10-15 14:01:37"}}, {"pk": 14, "model": "main.question", "fields": {"room": 2, "author": 1, "question": "Marthe har 35 kaker. Hun gir bort 10 til Elias. Hvor mange kaker har hun igjen?", "real_answer": "25", "points": 10, "date_created": "2010-10-15 14:02:08"}}, {"pk": 15, "model": "main.question", "fields": {"room": 2, "author": 1, "question": "Per har 90 kroner og Lise har 50 kroner. De kj\u00f8per seg en CD til 80 kroner. Hvor mye har de igjen tilsammen?", "real_answer": "60", "points": 20, "date_created": "2010-10-15 14:04:59"}}, {"pk": 16, "model": "main.question", "fields": {"room": 1, "author": 1, "question": "En gutt har en valp. S\u00e5 f\u00e5r han en til. Hvor mange valper har han n\u00e5?", "real_answer": "2", "points": 5, "date_created": "2010-10-15 14:05:36"}}, {"pk": 17, "model": "main.question", "fields": {"room": 1, "author": 1, "question": "\u00c5ge har 5 epler. Han f\u00e5r 3 epler av Ingrid. Hvor mange epler har \u00c5ge til sammen?", "real_answer": "8", "points": 10, "date_created": "2010-10-15 14:06:34"}}, {"pk": 18, "model": "main.question", "fields": {"room": 4, "author": 1, "question": "Tre venner har ni epler. Hvor mange f\u00e5r de hver?", "real_answer": "3", "points": 25, "date_created": "2010-10-15 14:09:36"}}, {"pk": 19, "model": "main.question", "fields": {"room": 3, "author": 1, "question": "Petter f\u00e5r 50 kroner i ukel\u00f8nn. Hvor mye penger f\u00e5r han i l\u00f8pet av 5 uker?", "real_answer": "250", "points": 20, "date_created": "2010-10-15 14:10:47"}}, {"pk": 20, "model": "main.question", "fields": {"room": 4, "author": 1, "question": "En klasse p\u00e5 32 elever skal deles i fire. Hvor mange blir det p\u00e5 hver gruppe?", "real_answer": "8", "points": 30, "date_created": "2010-10-15 14:12:09"}}, {"pk": 21, "model": "main.question", "fields": {"room": 3, "author": 1, "question": "Andre trinn p\u00e5 Notodden skole best\u00e5r av tre klasser. Det g\u00e5r 21 elever i hver klasse. Hvor mange elever er det i alt p\u00e5 andre trinn?", "real_answer": "63", "points": 25, "date_created": "2010-10-15 14:14:03"}}, {"pk": 22, "model": "main.question", "fields": {"room": 1, "author": 1, "question": "Michael samler p\u00e5 n\u00f8kkelringer. Han hadde 27. Denne uka fikk Michael 2 flere n\u00f8kkelringer. Hvor mange n\u00f8kkelnringer har Micheal n\u00e5?", "real_answer": "29", "points": 10, "date_created": "2010-11-08 10:23:53"}}, {"pk": 23, "model": "main.question", "fields": {"room": 2, "author": 1, "question": "Andreas har 7 opptrekkere. Emma har ogs\u00e5 noen opptrekkere. Til sammen har de 11 opptrekkere. Hvor mange opptrekkere har Emma?", "real_answer": "4", "points": 15, "date_created": "2010-11-08 10:25:27"}}, {"pk": 24, "model": "main.question", "fields": {"room": 3, "author": 1, "question": "Jacob har 3 mp3-l\u00e5ter liggende p\u00e5 minnebrikken sin. Hver l\u00e5t er p\u00e5 2 megabyte. Hvor mange megabyte er det til sammen?", "real_answer": "6", "points": 15, "date_created": "2010-11-08 10:26:39"}}, {"pk": 25, "model": "main.question", "fields": {"room": 1, "author": 1, "question": "Jacob l\u00e5ner Kristian sine sprettballer. Selv har han 14 og Kristian har 2. Hvor mange sprettballer har de til sammen?", "real_answer": "16", "points": 10, "date_created": "2010-11-08 10:28:21"}}, {"pk": 26, "model": "main.question", "fields": {"room": 3, "author": 1, "question": "Tobias skal leke med sprettballer sammen med vennene sine. De er 9 personer som deler alle sprettballene og f\u00e5r 4 hver. Hvor mange sprettballer har de sammen?", "real_answer": "36", "points": 20, "date_created": "2010-11-08 10:31:18"}}, {"pk": 27, "model": "main.question", "fields": {"room": 2, "author": 1, "question": "Bj\u00f8rn pleide \u00e5 samle p\u00e5 klistremerker. N\u00e5 har han 3 klistremerker liggende i en skuff. Han hadde en gang 18 klistremerker, men noen var blitt borte. Hvor mange klistremerker har Bj\u00f8rn mistet?", "real_answer": "15", "points": 15, "date_created": "2010-11-08 10:34:16"}}, {"pk": 28, "model": "main.question", "fields": {"room": 4, "author": 1, "question": "Emma skal s\u00e5 melonfr\u00f8. Hun har 6 sm\u00e5 potter. I hver potte skal det v\u00e6re ett fr\u00f8. I hver fr\u00f8pakke er det 2 fr\u00f8. Hvor mange fr\u00f8pakker trenger Emma?", "real_answer": "3", "points": 20, "date_created": "2010-11-08 10:35:59"}}, {"pk": 29, "model": "main.question", "fields": {"room": 4, "author": 1, "question": "Alexander skal kopiere 32 mp3-l\u00e5ter fra Sandra sin datamaskin ved hjelp av en minnepinne. Han f\u00e5r bare plass til 8 mp3-l\u00e5ter hver gang. Hvor mange ganger m\u00e5 Alexander kopiere?", "real_answer": "4", "points": 25, "date_created": "2010-11-08 10:37:41"}}, {"pk": 30, "model": "main.question", "fields": {"room": 2, "author": 1, "question": "Julie lagrer animasjoner p\u00e5 minnebrikken sin. Hun la nettopp inn 12 nye animasjoner. Til sammen har hun 29 animasjoner p\u00e5 minnebrikken. Hvor mange animasjoner hadde Julie liggende fra f\u00f8r?", "real_answer": "17", "points": 15, "date_created": "2010-11-08 10:40:36"}}, {"pk": 31, "model": "main.question", "fields": {"room": 2, "author": 1, "question": "Emily hadde 11 drops. S\u00e5 ble hun sulten og spiste 9. Hvor mange drops har Emily igjen?", "real_answer": "2", "points": 15, "date_created": "2010-11-08 10:41:29"}}, {"pk": 32, "model": "main.question", "fields": {"room": 1, "author": 1, "question": "Jacob slettet nettopp 14 filmklipp p\u00e5 datamaskinen. Han har n\u00e5 bare 5 filmklipp igjen. Hvor mange filmklipp hadde Jacob f\u00f8r slettingen?", "real_answer": "19", "points": 10, "date_created": "2010-11-08 10:42:53"}}, {"pk": 33, "model": "main.question", "fields": {"room": 2, "author": 1, "question": "J\u00f8rgen lastet ned noen dataspill i forrige uke. Denne uka lastet han ned 9 dataspill. Til sammen ble det 18 dataspill. Hvor mange dataspill lastet han ned i forrige uke?", "real_answer": "9", "points": 15, "date_created": "2010-11-08 10:44:21"}}, {"pk": 34, "model": "main.question", "fields": {"room": 2, "author": 1, "question": "Jacob hadde fanget 25 rumpetroll, da han m\u00e5tte inn \u00e5 spise lunsj. Da han kom tilbake, merket han at noen hadde r\u00f8mt. N\u00e5 var det bare 6 igjen. Hvor mange rumpetroll r\u00f8mte mens Jacob spiste lunsj?", "real_answer": "19", "points": 15, "date_created": "2010-11-08 10:46:22"}}, {"pk": 35, "model": "main.question", "fields": {"room": 1, "author": 1, "question": "Michael leser for \u00e5 bli bokorm. I forrige uke begynte han p\u00e5 en ny bok og leste 10 sider. I denne uka fortsatte han \u00e5 lese, og har n\u00e5 lest 15 sider i den nye boka. Hvor mange sider har han lest?", "real_answer": "15", "points": 15, "date_created": "2010-11-08 10:48:34"}}, {"pk": 36, "model": "main.question", "fields": {"room": 3, "author": 1, "question": "Robin skal leke med LEGO-figurer sammen med vennene sine. De er 3 barn som deler p\u00e5 alle LEGO-figurene og f\u00e5r 6 hver. Hvor mange LEGO-figurer har de til sammen?", "real_answer": "18", "points": 20, "date_created": "2010-11-08 10:50:11"}}, {"pk": 37, "model": "main.question", "fields": {"room": 3, "author": 1, "question": "En sjokoladeplate er delt inn i ruter. Det er 5 rader med 5 ruter i hver rad. Hvor mange ruter er det til sammen?", "real_answer": "25", "points": 20, "date_created": "2010-11-08 10:50:54"}}, {"pk": 38, "model": "main.question", "fields": {"room": 4, "author": 1, "question": "Emma skal pakke 49 s\u00e5per i esker. N\u00e5r Emma fordeler s\u00e5pene p\u00e5 eskene, blir det 7 i hver. Hvor mange esker har Emma?", "real_answer": "7", "points": 25, "date_created": "2010-11-08 10:52:09"}}, {"pk": 39, "model": "main.question", "fields": {"room": 3, "author": 1, "question": "Laget til Mathias vant en turnering. Alle 4 p\u00e5 laget fikk 3 lekedinosaurer hver i premie. Hvor mange lekedinosaurer ble det delt ut?", "real_answer": "12", "points": 20, "date_created": "2010-11-08 10:54:08"}}, {"pk": 40, "model": "main.question", "fields": {"room": 3, "author": 1, "question": "Elisabeth er nettopp ferdig med et matteark. Arket er delt inn i ruter, og i hver rute er det en oppgave. Det er 3 ruter bortover og 3 ruter nedover. Hvor mange stykker har Elisabeth regnet?", "real_answer": "9", "points": 20, "date_created": "2010-11-08 10:55:12"}}, {"pk": 41, "model": "main.question", "fields": {"room": 3, "author": 1, "question": "Alle i gruppen til Sara fikk drops. De fikk 5 drops hver, og multiplisert med antall barn ble dette 30 drops. Hvor mange var det i Sara sin gruppe? ", "real_answer": "6", "points": 20, "date_created": "2010-11-08 10:56:19"}}, {"pk": 42, "model": "main.question", "fields": {"room": 4, "author": 1, "question": "I et dataspill er det om \u00e5 gj\u00f8re \u00e5 fange fisker. For hver fisk man fanger f\u00e5r man 3 poeng. Adrian fikk 12 poeng. Hvor mange fisk fanget han?", "real_answer": "4", "points": 25, "date_created": "2010-11-08 10:57:43"}}, {"pk": 43, "model": "main.question", "fields": {"room": 4, "author": 1, "question": "Hvis Martin har 4 drops og skal dele disse med Emma - hvor mange drops f\u00e5r de hver?", "real_answer": "2", "points": 20, "date_created": "2010-11-08 10:58:34"}}, {"pk": 44, "model": "main.question", "fields": {"room": 3, "author": 1, "question": "Vegard l\u00e5nte en bok p\u00e5 biblioteket. Han leser 2 sider hver dag. Dersom vi ganger dette med antall dager han brukte p\u00e5 \u00e5 lese boka, finner vi ut at boka er p\u00e5 16 sider. Hvor mange dager brukte han?", "real_answer": "8", "points": 20, "date_created": "2010-11-10 10:36:30"}}, {"pk": 45, "model": "main.question", "fields": {"room": 2, "author": 1, "question": "Det var en gang 13 tomater som skulle over en vei. S\u00e5 ble 9 overkj\u00f8rt. Hvor mange var det igjen?", "real_answer": "4", "points": 12, "date_created": "2010-11-10 10:36:59"}}, {"pk": 46, "model": "main.question", "fields": {"room": 4, "author": 1, "question": "Emily skal s\u00e5 melonfr\u00f8. I hver rad skal hun ha 9 planter. Hvor mange rader m\u00e5 Emily ha hvis gun til sammen skal ha 27 planter?", "real_answer": "3", "points": 25, "date_created": "2010-11-10 10:38:26"}}, {"pk": 47, "model": "main.question", "fields": {"room": 4, "author": 1, "question": "Hvis Jakob har 40 seigmenn og skal dele disse med 4 andre - hvor mange seigmenn f\u00e5r de hver?", "real_answer": "10", "points": 23, "date_created": "2010-11-10 10:38:52"}}, {"pk": 48, "model": "main.question", "fields": {"room": 3, "author": 1, "question": "Stine skal lage godteposer til bursdagen sin. Hun har en haug med nonstop som skal deles i 9 poser. Det blir 4 i hver. Hvor mange nonstop var det i haugen?", "real_answer": "36", "points": 22, "date_created": "2010-11-10 10:40:39"}}, {"pk": 49, "model": "main.question", "fields": {"room": 1, "author": 1, "question": "Thea samler p\u00e5 kulepenner. Hun hadde 17. Denne uka fikk Thea 7 flere kulepenner. Hvor mange kulepenner har Thea n\u00e5?", "real_answer": "24", "points": 12, "date_created": "2010-11-10 10:41:25"}}]